"","791-445-9811","715-413-9112","hq"        ,""""" <791-445-9811>"                  ,"NOT_AVAILABLE","NOT_AVAILABLE","Dial"  ,"NOT_AVAILABLE","2017-06-20 09:49:22",""                   ,"2017-06-20 09:49:32",10  ,0   ,"NO ANSWER","DOCUMENTATION","1497952162.0"  ,""
"","791-445-9811","715-413-9112","hq"        ,""""" <791-445-9811>"                  ,"NOT_AVAILABLE","NOT_AVAILABLE","Dial"  ,"NOT_AVAILABLE","2017-06-20 09:49:22","2017-06-20 09:49:32","2017-06-20 09:58:06",524 ,514 ,"ANSWERED" ,"DOCUMENTATION","1497952162.0"  ,""
"","253-433-5862","870-526-4260","production","""Marget Biernacki"" <253-433-5862>"  ,"NOT_AVAILABLE","NOT_AVAILABLE","Dial"  ,"NOT_AVAILABLE","2017-06-20 10:07:41",""                   ,"2017-06-20 10:08:26",45  ,0   ,"NO ANSWER","DOCUMENTATION","1497953261.5"  ,""
"","787-952-0687","846-758-4856","hq"        ,""""" <787-952-0687>"                  ,"NOT_AVAILABLE","NOT_AVAILABLE","Dial"  ,"NOT_AVAILABLE","2017-06-20 10:27:05","2017-06-20 10:27:16","2017-06-20 10:31:08",243 ,232 ,"ANSWERED" ,"DOCUMENTATION","1497954425.8"  ,""
"","462-658-8898","397-815-2211","hq"        ,""""" <462-658-8898>"                  ,"NOT_AVAILABLE","NOT_AVAILABLE","Dial"  ,"NOT_AVAILABLE","2017-06-20 10:37:06",""                   ,"2017-06-20 10:37:25",19  ,0   ,"NO ANSWER","DOCUMENTATION","1497955026.13" ,""
"","462-658-8898","397-815-2211","hq"        ,""""" <462-658-8898>"                  ,"NOT_AVAILABLE","NOT_AVAILABLE","Dial"  ,"NOT_AVAILABLE","2017-06-20 10:37:06",""                   ,"2017-06-20 10:37:25",18  ,0   ,"NO ANSWER","DOCUMENTATION","1497955026.13" ,""
"","917-375-0980","462-658-8898","production","""Bentlee McVicker"" <917-375-0980>"  ,"NOT_AVAILABLE","NOT_AVAILABLE","Dial"  ,"NOT_AVAILABLE","2017-06-20 10:37:40","2017-06-20 10:37:49","2017-06-20 10:41:16",215 ,206 ,"ANSWERED" ,"DOCUMENTATION","1497955060.18" ,""
"","190-590-0260","251-791-1061","production","""Magdalene Greenman"" <190-590-0260>","NOT_AVAILABLE","NOT_AVAILABLE","Dial"  ,"NOT_AVAILABLE","2017-06-20 10:29:01","2017-06-20 10:29:09","2017-06-20 10:41:26",744 ,737 ,"ANSWERED" ,"DOCUMENTATION","1497954541.10" ,""
"","864-117-6588","397-815-2211","hq"        ,""""" <864-117-6588>"                  ,"NOT_AVAILABLE","NOT_AVAILABLE","Dial"  ,"NOT_AVAILABLE","2017-06-20 12:16:45",""                   ,"2017-06-20 12:16:51",5   ,0   ,"NO ANSWER","DOCUMENTATION","1497961005.22" ,""
"","864-117-6588","397-815-2211","hq"        ,""""" <864-117-6588>"                  ,"NOT_AVAILABLE","NOT_AVAILABLE","Dial"  ,"NOT_AVAILABLE","2017-06-20 12:16:45","2017-06-20 12:16:51","2017-06-20 12:38:51",1325,1319,"ANSWERED" ,"DOCUMENTATION","1497961005.22" ,""
"","914-510-3340","397-815-2211","hq"        ,""""" <914-510-3340>"                  ,"NOT_AVAILABLE","NOT_AVAILABLE","Dial"  ,"NOT_AVAILABLE","2017-06-20 12:47:49",""                   ,"2017-06-20 12:48:19",30  ,0   ,"NO ANSWER","DOCUMENTATION","1497962869.27" ,""
"","914-510-3340","397-815-2211","hq"        ,""""" <914-510-3340>"                  ,"NOT_AVAILABLE","NOT_AVAILABLE","Dial"  ,"NOT_AVAILABLE","2017-06-20 12:47:49",""                   ,"2017-06-20 12:48:19",30  ,0   ,"NO ANSWER","DOCUMENTATION","1497962869.27" ,""
"","253-433-5862","914-510-3340","production","""Marget Biernacki"" <253-433-5862>"  ,"NOT_AVAILABLE","NOT_AVAILABLE","Dial"  ,"NOT_AVAILABLE","2017-06-20 12:48:36","2017-06-20 12:48:36","2017-06-20 12:48:52",16  ,16  ,"ANSWERED" ,"DOCUMENTATION","1497962916.32" ,""
"","929-488-7484","715-413-9112","hq"        ,""""" <929-488-7484>"                  ,"NOT_AVAILABLE","NOT_AVAILABLE","Dial"  ,"NOT_AVAILABLE","2017-06-20 12:56:51","2017-06-20 12:56:58","2017-06-20 12:57:11",20  ,12  ,"ANSWERED" ,"DOCUMENTATION","1497963411.35" ,""
"","929-488-7484","715-413-9112","hq"        ,""""" <929-488-7484>"                  ,"NOT_AVAILABLE","NOT_AVAILABLE","Dial"  ,"NOT_AVAILABLE","2017-06-20 12:56:51",""                   ,"2017-06-20 12:56:58",7   ,0   ,"NO ANSWER","DOCUMENTATION","1497963411.35" ,""
"","329-762-8080","715-413-9112","hq"        ,""""" <329-762-8080>"                  ,"NOT_AVAILABLE","NOT_AVAILABLE","Dial"  ,"NOT_AVAILABLE","2017-06-20 13:09:17",""                   ,"2017-06-20 13:09:24",6   ,0   ,"NO ANSWER","DOCUMENTATION","1497964157.40" ,""
"","329-762-8080","715-413-9112","hq"        ,""""" <329-762-8080>"                  ,"NOT_AVAILABLE","NOT_AVAILABLE","Dial"  ,"NOT_AVAILABLE","2017-06-20 13:09:17","2017-06-20 13:09:24","2017-06-20 13:10:38",81  ,74  ,"ANSWERED" ,"DOCUMENTATION","1497964157.40" ,""
"","877-539-8401","715-413-9112","hq"        ,""""" <877-539-8401>"                  ,"NOT_AVAILABLE","NOT_AVAILABLE","Dial"  ,"NOT_AVAILABLE","2017-06-20 13:09:58",""                   ,"2017-06-20 13:10:41",43  ,0   ,"NO ANSWER","DOCUMENTATION","1497964198.43" ,""
"","490-156-8031","334-442-8436","production","""Farlie Brager"" <490-156-8031>"     ,"NOT_AVAILABLE","NOT_AVAILABLE","Dial"  ,"NOT_AVAILABLE","2017-06-20 13:25:32",""                   ,"2017-06-20 13:25:44",11  ,0   ,"NO ANSWER","DOCUMENTATION","1497965132.50" ,""
"","253-433-5862","929-488-7484","production","""Marget Biernacki"" <253-433-5862>"  ,"NOT_AVAILABLE","NOT_AVAILABLE","Dial"  ,"NOT_AVAILABLE","2017-06-20 13:12:51","2017-06-20 13:13:01","2017-06-20 13:27:37",885 ,875 ,"ANSWERED" ,"DOCUMENTATION","1497964371.48" ,""
"","253-433-5862","866-935-7752","production","""Marget Biernacki"" <253-433-5862>"  ,"NOT_AVAILABLE","NOT_AVAILABLE","Hangup","NOT_AVAILABLE","2017-06-20 13:35:47","2017-06-20 13:35:47","2017-06-20 13:35:47",0   ,0   ,"ANSWERED" ,"DOCUMENTATION","1497965747.54" ,""
"","253-433-5862","859-403-3109","production","""Marget Biernacki"" <253-433-5862>"  ,"NOT_AVAILABLE","NOT_AVAILABLE","Hangup","NOT_AVAILABLE","2017-06-20 13:35:55","2017-06-20 13:35:55","2017-06-20 13:35:55",0   ,0   ,"ANSWERED" ,"DOCUMENTATION","1497965755.56" ,""
"","760-695-0607","397-815-2211","hq"        ,""""" <760-695-0607>"                  ,"NOT_AVAILABLE","NOT_AVAILABLE","Hangup","NOT_AVAILABLE","2017-06-20 13:41:16","2017-06-20 13:41:16","2017-06-20 13:41:28",12  ,12  ,"ANSWERED" ,"DOCUMENTATION","1497966076.58" ,""
"","490-156-8031","334-442-8436","production","""Farlie Brager"" <490-156-8031>"     ,"NOT_AVAILABLE","NOT_AVAILABLE","Dial"  ,"NOT_AVAILABLE","2017-06-20 13:58:55","2017-06-20 13:59:06","2017-06-20 13:59:50",55  ,44  ,"ANSWERED" ,"DOCUMENTATION","1497967135.60" ,""
"","253-433-5862","866-935-7752","production","""Marget Biernacki"" <253-433-5862>"  ,"NOT_AVAILABLE","NOT_AVAILABLE","Hangup","NOT_AVAILABLE","2017-06-20 14:51:33","2017-06-20 14:51:33","2017-06-20 14:51:33",0   ,0   ,"ANSWERED" ,"DOCUMENTATION","1497970293.65" ,""
"","490-156-8031","334-442-8436","production","""Farlie Brager"" <490-156-8031>"     ,"NOT_AVAILABLE","NOT_AVAILABLE","Dial"  ,"NOT_AVAILABLE","2017-06-20 14:48:01","2017-06-20 14:48:09","2017-06-20 14:56:04",483 ,475 ,"ANSWERED" ,"DOCUMENTATION","1497970081.63" ,""
"","253-433-5862","859-403-3109","production","""Marget Biernacki"" <253-433-5862>"  ,"NOT_AVAILABLE","NOT_AVAILABLE","Hangup","NOT_AVAILABLE","2017-06-20 14:59:47","2017-06-20 14:59:47","2017-06-20 14:59:47",0   ,0   ,"ANSWERED" ,"DOCUMENTATION","1497970787.68" ,""
"","749-409-5989","397-815-2211","hq"        ,""""" <749-409-5989>"                  ,"NOT_AVAILABLE","NOT_AVAILABLE","Dial"  ,"NOT_AVAILABLE","2017-06-20 15:18:53",""                   ,"2017-06-20 15:19:05",11  ,0   ,"NO ANSWER","DOCUMENTATION","1497971933.70" ,""
"","749-409-5989","397-815-2211","hq"        ,""""" <749-409-5989>"                  ,"NOT_AVAILABLE","NOT_AVAILABLE","Dial"  ,"NOT_AVAILABLE","2017-06-20 15:18:53","2017-06-20 15:19:05","2017-06-20 15:21:09",135 ,124 ,"ANSWERED" ,"DOCUMENTATION","1497971933.70" ,""
"","564-633-4692","397-815-2211","hq"        ,""""" <564-633-4692>"                  ,"NOT_AVAILABLE","NOT_AVAILABLE","Dial"  ,"NOT_AVAILABLE","2017-06-20 15:49:41",""                   ,"2017-06-20 15:50:00",18  ,0   ,"NO ANSWER","DOCUMENTATION","1497973781.75" ,""
"","564-633-4692","397-815-2211","hq"        ,""""" <564-633-4692>"                  ,"NOT_AVAILABLE","NOT_AVAILABLE","Dial"  ,"NOT_AVAILABLE","2017-06-20 15:49:41","2017-06-20 15:50:00","2017-06-20 15:50:20",38  ,20  ,"ANSWERED" ,"DOCUMENTATION","1497973781.75" ,""
"","760-695-0607","397-815-2211","hq"        ,""""" <760-695-0607>"                  ,"NOT_AVAILABLE","NOT_AVAILABLE","Dial"  ,"NOT_AVAILABLE","2017-06-20 16:35:08",""                   ,"2017-06-20 16:35:13",4   ,0   ,"NO ANSWER","DOCUMENTATION","1497976508.80" ,""
"","760-695-0607","397-815-2211","hq"        ,""""" <760-695-0607>"                  ,"NOT_AVAILABLE","NOT_AVAILABLE","Dial"  ,"NOT_AVAILABLE","2017-06-20 16:35:08","2017-06-20 16:35:13","2017-06-20 16:41:57",409 ,404 ,"ANSWERED" ,"DOCUMENTATION","1497976508.80" ,""
"","413-365-0861","397-815-2211","hq"        ,""""" <413-365-0861>"                  ,"NOT_AVAILABLE","NOT_AVAILABLE","Dial"  ,"NOT_AVAILABLE","2017-06-20 17:07:48",""                   ,"2017-06-20 17:07:55",7   ,0   ,"NO ANSWER","DOCUMENTATION","1497978468.85" ,""
"","413-365-0861","397-815-2211","hq"        ,""""" <413-365-0861>"                  ,"NOT_AVAILABLE","NOT_AVAILABLE","Dial"  ,"NOT_AVAILABLE","2017-06-20 17:07:48","2017-06-20 17:07:55","2017-06-20 17:20:23",754 ,747 ,"ANSWERED" ,"DOCUMENTATION","1497978468.85" ,""
"","641-611-9779","846-758-4856","hq"        ,""""" <641-611-9779>"                  ,"NOT_AVAILABLE","NOT_AVAILABLE","Dial"  ,"NOT_AVAILABLE","2017-06-20 20:01:05","2017-06-20 20:01:09","2017-06-20 20:09:28",502 ,498 ,"ANSWERED" ,"DOCUMENTATION","1497988865.90" ,""
"","386-769-6230","397-815-2211","hq"        ,""""" <386-769-6230>"                  ,"NOT_AVAILABLE","NOT_AVAILABLE","Dial"  ,"NOT_AVAILABLE","2017-06-21 09:06:37",""                   ,"2017-06-21 09:06:58",20  ,0   ,"NO ANSWER","DOCUMENTATION","1498035997.0"  ,""
"","386-769-6230","397-815-2211","hq"        ,""""" <386-769-6230>"                  ,"NOT_AVAILABLE","NOT_AVAILABLE","Dial"  ,"NOT_AVAILABLE","2017-06-21 09:06:37",""                   ,"2017-06-21 09:06:58",20  ,0   ,"NO ANSWER","DOCUMENTATION","1498035997.0"  ,""
"","386-769-6230","397-815-2211","hq"        ,""""" <386-769-6230>"                  ,"NOT_AVAILABLE","NOT_AVAILABLE","Dial"  ,"NOT_AVAILABLE","2017-06-21 10:05:42",""                   ,"2017-06-21 10:05:46",3   ,0   ,"NO ANSWER","DOCUMENTATION","1498039542.5"  ,""
"","386-769-6230","397-815-2211","hq"        ,""""" <386-769-6230>"                  ,"NOT_AVAILABLE","NOT_AVAILABLE","Dial"  ,"NOT_AVAILABLE","2017-06-21 10:05:43","2017-06-21 10:05:46","2017-06-21 10:11:47",364 ,361 ,"ANSWERED" ,"DOCUMENTATION","1498039543.5"  ,""
"","253-433-5862","360-603-8614","production","""Marget Biernacki"" <253-433-5862>"  ,"NOT_AVAILABLE","NOT_AVAILABLE","Dial"  ,"NOT_AVAILABLE","2017-06-21 10:20:55","2017-06-21 10:21:01","2017-06-21 10:22:09",73  ,67  ,"ANSWERED" ,"DOCUMENTATION","1498040455.10" ,""
"","253-433-5862","816-361-1520","production","""Marget Biernacki"" <253-433-5862>"  ,"NOT_AVAILABLE","NOT_AVAILABLE","Dial"  ,"NOT_AVAILABLE","2017-06-21 10:22:23",""                   ,"2017-06-21 10:22:33",9   ,0   ,"NO ANSWER","DOCUMENTATION","1498040543.13" ,""
"","253-433-5862","816-361-1520","production","""Marget Biernacki"" <253-433-5862>"  ,"NOT_AVAILABLE","NOT_AVAILABLE","Dial"  ,"NOT_AVAILABLE","2017-06-21 10:22:52",""                   ,"2017-06-21 10:23:01",9   ,0   ,"NO ANSWER","DOCUMENTATION","1498040572.16" ,""
"","253-433-5862","360-603-8614","production","""Marget Biernacki"" <253-433-5862>"  ,"NOT_AVAILABLE","NOT_AVAILABLE","Dial"  ,"NOT_AVAILABLE","2017-06-21 10:23:14","2017-06-21 10:23:21","2017-06-21 10:23:43",28  ,22  ,"ANSWERED" ,"DOCUMENTATION","1498040594.19" ,""
"","253-433-5862","538-170-4665","production","""Marget Biernacki"" <253-433-5862>"  ,"NOT_AVAILABLE","NOT_AVAILABLE","Dial"  ,"NOT_AVAILABLE","2017-06-21 10:23:56","2017-06-21 10:24:11","2017-06-21 10:25:53",117 ,102 ,"ANSWERED" ,"DOCUMENTATION","1498040636.22" ,""
"","153-585-7133","397-815-2211","hq"        ,""""" <153-585-7133>"                  ,"NOT_AVAILABLE","NOT_AVAILABLE","Dial"  ,"NOT_AVAILABLE","2017-06-21 10:58:08",""                   ,"2017-06-21 10:58:13",5   ,0   ,"NO ANSWER","DOCUMENTATION","1498042688.25" ,""
"","153-585-7133","397-815-2211","hq"        ,""""" <153-585-7133>"                  ,"NOT_AVAILABLE","NOT_AVAILABLE","Dial"  ,"NOT_AVAILABLE","2017-06-21 10:58:08","2017-06-21 10:58:13","2017-06-21 10:59:38",89  ,84  ,"ANSWERED" ,"DOCUMENTATION","1498042688.25" ,""
"","974-948-4817","397-815-2211","hq"        ,"""Tymothy Hamblin"" <748-621-0365>"   ,"NOT_AVAILABLE","NOT_AVAILABLE","Dial"  ,"NOT_AVAILABLE","2017-06-21 11:05:29",""                   ,"2017-06-21 11:06:14",45  ,0   ,"NO ANSWER","DOCUMENTATION","1498043129.30" ,""
"","974-948-4817","397-815-2211","hq"        ,"""Tymothy Hamblin"" <748-621-0365>"   ,"NOT_AVAILABLE","NOT_AVAILABLE","Dial"  ,"NOT_AVAILABLE","2017-06-21 11:05:29",""                   ,"2017-06-21 11:06:14",45  ,0   ,"NO ANSWER","DOCUMENTATION","1498043129.30" ,""
"","974-948-4817","715-413-9112","hq"        ,"""Tymothy Hamblin"" <748-621-0365>"   ,"NOT_AVAILABLE","NOT_AVAILABLE","Dial"  ,"NOT_AVAILABLE","2017-06-21 11:06:47",""                   ,"2017-06-21 11:07:33",45  ,0   ,"NO ANSWER","DOCUMENTATION","1498043207.35" ,""
"","974-948-4817","715-413-9112","hq"        ,"""Tymothy Hamblin"" <748-621-0365>"   ,"NOT_AVAILABLE","NOT_AVAILABLE","Dial"  ,"NOT_AVAILABLE","2017-06-21 11:06:48",""                   ,"2017-06-21 11:07:33",45  ,0   ,"NO ANSWER","DOCUMENTATION","1498043208.35" ,""
"","974-948-4817","715-413-9112","hq"        ,"""Tymothy Hamblin"" <748-621-0365>"   ,"NOT_AVAILABLE","NOT_AVAILABLE","Dial"  ,"NOT_AVAILABLE","2017-06-21 11:08:02",""                   ,"2017-06-21 11:08:06",3   ,0   ,"NO ANSWER","DOCUMENTATION","1498043282.40" ,""
"","974-948-4817","715-413-9112","hq"        ,"""Tymothy Hamblin"" <748-621-0365>"   ,"NOT_AVAILABLE","NOT_AVAILABLE","Dial"  ,"NOT_AVAILABLE","2017-06-21 11:08:02","2017-06-21 11:08:06","2017-06-21 11:09:39",96  ,92  ,"ANSWERED" ,"DOCUMENTATION","1498043282.40" ,""
"","834-314-7166","397-815-2211","hq"        ,""""" <834-314-7166>"                  ,"NOT_AVAILABLE","NOT_AVAILABLE","Dial"  ,"NOT_AVAILABLE","2017-06-21 11:21:54",""                   ,"2017-06-21 11:22:00",6   ,0   ,"NO ANSWER","DOCUMENTATION","1498044114.45" ,""
"","834-314-7166","397-815-2211","hq"        ,""""" <834-314-7166>"                  ,"NOT_AVAILABLE","NOT_AVAILABLE","Dial"  ,"NOT_AVAILABLE","2017-06-21 11:21:54","2017-06-21 11:22:00","2017-06-21 11:28:24",389 ,383 ,"ANSWERED" ,"DOCUMENTATION","1498044114.45" ,""
"","378-254-9697","397-815-2211","hq"        ,""""" <378-254-9697>"                  ,"NOT_AVAILABLE","NOT_AVAILABLE","Dial"  ,"NOT_AVAILABLE","2017-06-21 11:29:05",""                   ,"2017-06-21 11:29:18",12  ,0   ,"NO ANSWER","DOCUMENTATION","1498044545.52" ,""
"","378-254-9697","397-815-2211","hq"        ,""""" <378-254-9697>"                  ,"NOT_AVAILABLE","NOT_AVAILABLE","Dial"  ,"NOT_AVAILABLE","2017-06-21 11:29:05","2017-06-21 11:29:18","2017-06-21 11:30:02",56  ,44  ,"ANSWERED" ,"DOCUMENTATION","1498044545.52" ,""
"","190-590-0260","153-585-7133","production","""Magdalene Greenman"" <190-590-0260>","NOT_AVAILABLE","NOT_AVAILABLE","Dial"  ,"NOT_AVAILABLE","2017-06-21 11:25:27","2017-06-21 11:25:44","2017-06-21 11:42:41",1033,1016,"ANSWERED" ,"DOCUMENTATION","1498044327.48" ,""
"","826-313-0409","846-758-4856","hq"        ,""""" <826-313-0409>"                  ,"NOT_AVAILABLE","NOT_AVAILABLE","Wait"  ,"NOT_AVAILABLE","2017-06-21 12:07:26","2017-06-21 12:07:27","2017-06-21 12:07:32",5   ,5   ,"ANSWERED" ,"DOCUMENTATION","1498046846.61" ,""
"","502-679-5153","715-413-9112","hq"        ,""""" <502-679-5153>"                  ,"NOT_AVAILABLE","NOT_AVAILABLE","Dial"  ,"NOT_AVAILABLE","2017-06-21 11:50:24",""                   ,"2017-06-21 11:50:30",6   ,0   ,"NO ANSWER","DOCUMENTATION","1498045824.58" ,""
"","502-679-5153","715-413-9112","hq"        ,""""" <502-679-5153>"                  ,"NOT_AVAILABLE","NOT_AVAILABLE","Dial"  ,"NOT_AVAILABLE","2017-06-21 11:50:24","2017-06-21 11:50:30","2017-06-21 12:14:37",1453,1447,"ANSWERED" ,"DOCUMENTATION","1498045824.58" ,""
"","253-433-5862","866-935-7752","production","""Marget Biernacki"" <253-433-5862>"  ,"NOT_AVAILABLE","NOT_AVAILABLE","Hangup","NOT_AVAILABLE","2017-06-21 12:19:50","2017-06-21 12:19:51","2017-06-21 12:19:51",0   ,0   ,"ANSWERED" ,"DOCUMENTATION","1498047590.65" ,""
"","253-433-5862","859-403-3109","production","""Marget Biernacki"" <253-433-5862>"  ,"NOT_AVAILABLE","NOT_AVAILABLE","Hangup","NOT_AVAILABLE","2017-06-21 12:20:18","2017-06-21 12:20:18","2017-06-21 12:20:19",0   ,0   ,"ANSWERED" ,"DOCUMENTATION","1498047618.67" ,""
"","651-813-5422","397-815-2211","hq"        ,""""" <651-813-5422>"                  ,"NOT_AVAILABLE","NOT_AVAILABLE","Hangup","NOT_AVAILABLE","2017-06-21 12:45:26","2017-06-21 12:45:26","2017-06-21 12:45:38",12  ,12  ,"ANSWERED" ,"DOCUMENTATION","1498049126.71" ,""
"","190-590-0260","378-254-9697","production","""Magdalene Greenman"" <190-590-0260>","NOT_AVAILABLE","NOT_AVAILABLE","Dial"  ,"NOT_AVAILABLE","2017-06-21 12:34:35","2017-06-21 12:34:40","2017-06-21 12:46:34",718 ,713 ,"ANSWERED" ,"DOCUMENTATION","1498048475.69" ,""
"","651-813-5422","397-815-2211","hq"        ,""""" <651-813-5422>"                  ,"NOT_AVAILABLE","NOT_AVAILABLE","Hangup","NOT_AVAILABLE","2017-06-21 13:08:05","2017-06-21 13:08:05","2017-06-21 13:08:09",4   ,4   ,"ANSWERED" ,"DOCUMENTATION","1498050485.74" ,""
"","253-433-5862","866-935-7752","production","""Marget Biernacki"" <253-433-5862>"  ,"NOT_AVAILABLE","NOT_AVAILABLE","Hangup","NOT_AVAILABLE","2017-06-21 13:19:03","2017-06-21 13:19:03","2017-06-21 13:19:04",0   ,0   ,"ANSWERED" ,"DOCUMENTATION","1498051143.76" ,""
"","730-868-5047","397-815-2211","hq"        ,""""" <730-868-5047>"                  ,"NOT_AVAILABLE","NOT_AVAILABLE","Dial"  ,"NOT_AVAILABLE","2017-06-21 13:32:58",""                   ,"2017-06-21 13:33:04",5   ,0   ,"NO ANSWER","DOCUMENTATION","1498051978.78" ,""
"","730-868-5047","397-815-2211","hq"        ,""""" <730-868-5047>"                  ,"NOT_AVAILABLE","NOT_AVAILABLE","Dial"  ,"NOT_AVAILABLE","2017-06-21 13:32:59","2017-06-21 13:33:04","2017-06-21 13:36:45",226 ,220 ,"ANSWERED" ,"DOCUMENTATION","1498051979.78" ,""
"","253-433-5862","866-935-7752","production","""Marget Biernacki"" <253-433-5862>"  ,"NOT_AVAILABLE","NOT_AVAILABLE","Hangup","NOT_AVAILABLE","2017-06-21 13:40:40","2017-06-21 13:40:41","2017-06-21 13:40:41",0   ,0   ,"ANSWERED" ,"DOCUMENTATION","1498052440.83" ,""
"","253-433-5862","866-935-7752","production","""Marget Biernacki"" <253-433-5862>"  ,"NOT_AVAILABLE","NOT_AVAILABLE","Hangup","NOT_AVAILABLE","2017-06-21 14:06:42","2017-06-21 14:06:42","2017-06-21 14:06:42",0   ,0   ,"ANSWERED" ,"DOCUMENTATION","1498054002.85" ,""
"","532-527-4907","397-815-2211","hq"        ,""""" <532-527-4907>"                  ,"NOT_AVAILABLE","NOT_AVAILABLE","Dial"  ,"NOT_AVAILABLE","2017-06-21 14:17:49",""                   ,"2017-06-21 14:17:55",6   ,0   ,"NO ANSWER","DOCUMENTATION","1498054669.87" ,""
"","532-527-4907","397-815-2211","hq"        ,""""" <532-527-4907>"                  ,"NOT_AVAILABLE","NOT_AVAILABLE","Dial"  ,"NOT_AVAILABLE","2017-06-21 14:17:49","2017-06-21 14:17:55","2017-06-21 14:18:26",37  ,30  ,"ANSWERED" ,"DOCUMENTATION","1498054669.87" ,""
"","253-433-5862","859-403-3109","production","""Marget Biernacki"" <253-433-5862>"  ,"NOT_AVAILABLE","NOT_AVAILABLE","Hangup","NOT_AVAILABLE","2017-06-21 14:41:19","2017-06-21 14:41:19","2017-06-21 14:41:20",0   ,0   ,"ANSWERED" ,"DOCUMENTATION","1498056079.92" ,""
"","334-442-8436","108-939-4916","hq"        ,""""" <334-442-8436>"                  ,"NOT_AVAILABLE","NOT_AVAILABLE","Dial"  ,"NOT_AVAILABLE","2017-06-21 15:14:29","2017-06-21 15:14:39","2017-06-21 15:14:39",9   ,0   ,"ANSWERED" ,"DOCUMENTATION","1498058069.94" ,""
"","334-442-8436","108-939-4916","hq"        ,""""" <334-442-8436>"                  ,"NOT_AVAILABLE","NOT_AVAILABLE","Dial"  ,"NOT_AVAILABLE","2017-06-21 15:14:39","2017-06-21 15:14:39","2017-06-21 15:15:22",43  ,43  ,"ANSWERED" ,"DOCUMENTATION","1498058079.94" ,""
"","253-433-5862","866-935-7752","production","""Marget Biernacki"" <253-433-5862>"  ,"NOT_AVAILABLE","NOT_AVAILABLE","Hangup","NOT_AVAILABLE","2017-06-21 15:25:47","2017-06-21 15:25:47","2017-06-21 15:25:47",0   ,0   ,"ANSWERED" ,"DOCUMENTATION","1498058747.99" ,""
"","153-585-7133","397-815-2211","hq"        ,""""" <153-585-7133>"                  ,"NOT_AVAILABLE","NOT_AVAILABLE","Hangup","NOT_AVAILABLE","2017-06-21 16:05:29","2017-06-21 16:05:29","2017-06-21 16:05:41",12  ,11  ,"ANSWERED" ,"DOCUMENTATION","1498061129.103",""
"","253-433-5862","360-603-8614","production","""Marget Biernacki"" <253-433-5862>"  ,"NOT_AVAILABLE","NOT_AVAILABLE","Dial"  ,"NOT_AVAILABLE","2017-06-21 15:26:47","2017-06-21 15:26:53","2017-06-21 16:20:38",3231,3225,"ANSWERED" ,"DOCUMENTATION","1498058807.101",""
"","153-585-7133","397-815-2211","hq"        ,""""" <153-585-7133>"                  ,"NOT_AVAILABLE","NOT_AVAILABLE","Hangup","NOT_AVAILABLE","2017-06-21 16:39:35","2017-06-21 16:39:35","2017-06-21 16:39:39",3   ,3   ,"ANSWERED" ,"DOCUMENTATION","1498063175.108",""
"","253-433-5862","956-833-3388","production","""Marget Biernacki"" <253-433-5862>"  ,"NOT_AVAILABLE","NOT_AVAILABLE","Dial"  ,"NOT_AVAILABLE","2017-06-21 16:32:36","2017-06-21 16:32:57","2017-06-21 16:43:34",658 ,637 ,"ANSWERED" ,"DOCUMENTATION","1498062756.106",""
"","253-433-5862","866-935-7752","production","""Marget Biernacki"" <253-433-5862>"  ,"NOT_AVAILABLE","NOT_AVAILABLE","Hangup","NOT_AVAILABLE","2017-06-21 16:47:33","2017-06-21 16:47:33","2017-06-21 16:47:34",0   ,0   ,"ANSWERED" ,"DOCUMENTATION","1498063653.111",""
"","334-442-8436","108-939-4916","hq"        ,""""" <334-442-8436>"                  ,"NOT_AVAILABLE","NOT_AVAILABLE","Dial"  ,"NOT_AVAILABLE","2017-06-21 16:48:09","2017-06-21 16:48:25","2017-06-21 16:48:25",16  ,0   ,"ANSWERED" ,"DOCUMENTATION","1498063689.113",""
"","334-442-8436","108-939-4916","hq"        ,""""" <334-442-8436>"                  ,"NOT_AVAILABLE","NOT_AVAILABLE","Dial"  ,"NOT_AVAILABLE","2017-06-21 16:48:25","2017-06-21 16:48:25","2017-06-21 16:48:25",0   ,0   ,"ANSWERED" ,"DOCUMENTATION","1498063705.113",""
"","190-590-0260","334-442-8436","production","""Magdalene Greenman"" <190-590-0260>","NOT_AVAILABLE","NOT_AVAILABLE","Dial"  ,"NOT_AVAILABLE","2017-06-21 16:55:57","2017-06-21 16:56:04","2017-06-21 17:09:22",805 ,797 ,"ANSWERED" ,"DOCUMENTATION","1498064157.121",""
"","153-585-7133","397-815-2211","hq"        ,""""" <153-585-7133>"                  ,"NOT_AVAILABLE","NOT_AVAILABLE","Dial"  ,"NOT_AVAILABLE","2017-06-21 16:55:31",""                   ,"2017-06-21 16:55:38",7   ,0   ,"NO ANSWER","DOCUMENTATION","1498064131.118",""
"","153-585-7133","397-815-2211","hq"        ,""""" <153-585-7133>"                  ,"NOT_AVAILABLE","NOT_AVAILABLE","Dial"  ,"NOT_AVAILABLE","2017-06-21 16:55:31","2017-06-21 16:55:38","2017-06-21 17:30:37",2106,2099,"ANSWERED" ,"DOCUMENTATION","1498064131.118",""
"","334-442-8436","108-939-4916","hq"        ,""""" <334-442-8436>"                  ,"NOT_AVAILABLE","NOT_AVAILABLE","Dial"  ,"NOT_AVAILABLE","2017-06-21 17:28:17","2017-06-21 17:28:33","2017-06-21 17:40:10",713 ,696 ,"ANSWERED" ,"DOCUMENTATION","1498066097.124",""
"","253-433-5862","334-442-8436","production","""Marget Biernacki"" <253-433-5862>"  ,"NOT_AVAILABLE","NOT_AVAILABLE","Dial"  ,"NOT_AVAILABLE","2017-06-21 18:02:43",""                   ,"2017-06-21 18:03:16",32  ,0   ,"NO ANSWER","DOCUMENTATION","1498068163.129",""
"","787-952-0687","846-758-4856","hq"        ,""""" <787-952-0687>"                  ,"NOT_AVAILABLE","NOT_AVAILABLE","Dial"  ,"NOT_AVAILABLE","2017-06-21 18:26:58","2017-06-21 18:27:02","2017-06-21 18:31:36",278 ,274 ,"ANSWERED" ,"DOCUMENTATION","1498069618.132",""
"","239-553-6964","397-815-2211","hq"        ,""""" <239-553-6964>"                  ,"NOT_AVAILABLE","NOT_AVAILABLE","Dial"  ,"NOT_AVAILABLE","2017-06-22 10:02:49",""                   ,"2017-06-22 10:03:15",26  ,0   ,"NO ANSWER","DOCUMENTATION","1498125769.0"  ,""
"","239-553-6964","397-815-2211","hq"        ,""""" <239-553-6964>"                  ,"NOT_AVAILABLE","NOT_AVAILABLE","Dial"  ,"NOT_AVAILABLE","2017-06-22 10:02:49",""                   ,"2017-06-22 10:03:15",26  ,0   ,"NO ANSWER","DOCUMENTATION","1498125769.0"  ,""
"","651-813-5422","397-815-2211","hq"        ,""""" <651-813-5422>"                  ,"NOT_AVAILABLE","NOT_AVAILABLE","Dial"  ,"NOT_AVAILABLE","2017-06-22 10:17:48",""                   ,"2017-06-22 10:18:01",13  ,0   ,"NO ANSWER","DOCUMENTATION","1498126668.5"  ,""
"","651-813-5422","397-815-2211","hq"        ,""""" <651-813-5422>"                  ,"NOT_AVAILABLE","NOT_AVAILABLE","Dial"  ,"NOT_AVAILABLE","2017-06-22 10:17:48","2017-06-22 10:18:01","2017-06-22 10:19:06",78  ,64  ,"ANSWERED" ,"DOCUMENTATION","1498126668.5"  ,""
"","190-590-0260","656-217-5184","production","""Magdalene Greenman"" <190-590-0260>","NOT_AVAILABLE","NOT_AVAILABLE","Dial"  ,"NOT_AVAILABLE","2017-06-22 10:55:23",""                   ,"2017-06-22 10:55:26",3   ,0   ,"NO ANSWER","DOCUMENTATION","1498128923.10" ,""
"","253-433-5862","734-432-8226","production","""Marget Biernacki"" <253-433-5862>"  ,"NOT_AVAILABLE","NOT_AVAILABLE","Dial"  ,"NOT_AVAILABLE","2017-06-22 11:36:58","2017-06-22 11:37:32","2017-06-22 11:37:47",49  ,15  ,"ANSWERED" ,"DOCUMENTATION","1498131418.15" ,""
"","734-432-8226","397-815-2211","hq"        ,""""" <734-432-8226>"                  ,"NOT_AVAILABLE","NOT_AVAILABLE","Dial"  ,"NOT_AVAILABLE","2017-06-22 11:38:38",""                   ,"2017-06-22 11:38:45",7   ,0   ,"NO ANSWER","DOCUMENTATION","1498131518.18" ,""
"","734-432-8226","397-815-2211","hq"        ,""""" <734-432-8226>"                  ,"NOT_AVAILABLE","NOT_AVAILABLE","Dial"  ,"NOT_AVAILABLE","2017-06-22 11:38:38","2017-06-22 11:38:45","2017-06-22 11:41:06",147 ,140 ,"ANSWERED" ,"DOCUMENTATION","1498131518.18" ,""
"","190-590-0260","651-813-5422","production","""Magdalene Greenman"" <190-590-0260>","NOT_AVAILABLE","NOT_AVAILABLE","Dial"  ,"NOT_AVAILABLE","2017-06-22 10:55:43","2017-06-22 10:55:47","2017-06-22 11:44:36",2933,2928,"ANSWERED" ,"DOCUMENTATION","1498128943.13" ,""
"","666-901-7816","397-815-2211","hq"        ,""""" <666-901-7816>"                  ,"NOT_AVAILABLE","NOT_AVAILABLE","Dial"  ,"NOT_AVAILABLE","2017-06-22 11:44:59",""                   ,"2017-06-22 11:45:09",9   ,0   ,"NO ANSWER","DOCUMENTATION","1498131899.24" ,""
"","666-901-7816","397-815-2211","hq"        ,""""" <666-901-7816>"                  ,"NOT_AVAILABLE","NOT_AVAILABLE","Dial"  ,"NOT_AVAILABLE","2017-06-22 11:44:59","2017-06-22 11:45:09","2017-06-22 11:47:10",130 ,120 ,"ANSWERED" ,"DOCUMENTATION","1498131899.24" ,""
"","103-358-0893","397-815-2211","hq"        ,""""" <103-358-0893>"                  ,"NOT_AVAILABLE","NOT_AVAILABLE","Dial"  ,"NOT_AVAILABLE","2017-06-22 12:02:23",""                   ,"2017-06-22 12:02:52",29  ,0   ,"NO ANSWER","DOCUMENTATION","1498132943.29" ,""
"","103-358-0893","397-815-2211","hq"        ,""""" <103-358-0893>"                  ,"NOT_AVAILABLE","NOT_AVAILABLE","Dial"  ,"NOT_AVAILABLE","2017-06-22 12:02:23","2017-06-22 12:02:52","2017-06-22 12:03:33",70  ,41  ,"ANSWERED" ,"DOCUMENTATION","1498132943.29" ,""
"","251-219-5099","715-413-9112","hq"        ,""""" <251-219-5099>"                  ,"NOT_AVAILABLE","NOT_AVAILABLE","Dial"  ,"NOT_AVAILABLE","2017-06-22 12:03:25","2017-06-22 12:03:43","2017-06-22 12:03:43",17  ,0   ,"ANSWERED" ,"DOCUMENTATION","1498133005.32" ,""
"","251-219-5099","715-413-9112","hq"        ,""""" <251-219-5099>"                  ,"NOT_AVAILABLE","NOT_AVAILABLE","Dial"  ,"NOT_AVAILABLE","2017-06-22 12:03:43","2017-06-22 12:03:43","2017-06-22 12:04:53",70  ,70  ,"ANSWERED" ,"DOCUMENTATION","1498133023.32" ,""
"","253-433-5862","866-935-7752","production","""Marget Biernacki"" <253-433-5862>"  ,"NOT_AVAILABLE","NOT_AVAILABLE","Hangup","NOT_AVAILABLE","2017-06-22 12:18:47","2017-06-22 12:18:47","2017-06-22 12:18:47",0   ,0   ,"ANSWERED" ,"DOCUMENTATION","1498133927.39" ,""
"","251-219-5099","715-413-9112","hq"        ,""""" <251-219-5099>"                  ,"NOT_AVAILABLE","NOT_AVAILABLE","Hangup","NOT_AVAILABLE","2017-06-22 12:48:49","2017-06-22 12:48:49","2017-06-22 12:49:00",10  ,10  ,"ANSWERED" ,"DOCUMENTATION","1498135729.41" ,""
"","251-219-5099","715-413-9112","hq"        ,""""" <251-219-5099>"                  ,"NOT_AVAILABLE","NOT_AVAILABLE","Hangup","NOT_AVAILABLE","2017-06-22 12:49:08","2017-06-22 12:49:08","2017-06-22 12:49:11",3   ,3   ,"ANSWERED" ,"DOCUMENTATION","1498135748.43" ,""
"","251-219-5099","715-413-9112","hq"        ,""""" <251-219-5099>"                  ,"NOT_AVAILABLE","NOT_AVAILABLE","Hangup","NOT_AVAILABLE","2017-06-22 12:50:40","2017-06-22 12:50:40","2017-06-22 12:50:43",3   ,3   ,"ANSWERED" ,"DOCUMENTATION","1498135840.45" ,""
"","992-725-2449","262-599-6351","door"      ,"""Onfre MacFaul"" <992-725-2449>"     ,"NOT_AVAILABLE","NOT_AVAILABLE","Dial"  ,"NOT_AVAILABLE","2017-06-22 12:53:52","2017-06-22 12:53:52","2017-06-22 12:54:17",25  ,25  ,"NO ANSWER","DOCUMENTATION","1498136032.47" ,""
"","992-725-2449","262-599-6351","door"      ,"""Onfre MacFaul"" <992-725-2449>"     ,"NOT_AVAILABLE","NOT_AVAILABLE","Dial"  ,"NOT_AVAILABLE","2017-06-22 12:53:52","2017-06-22 12:53:52","2017-06-22 12:54:17",25  ,25  ,"NO ANSWER","DOCUMENTATION","1498136032.47" ,""
"","992-725-2449","262-599-6351","door"      ,"""Onfre MacFaul"" <992-725-2449>"     ,"NOT_AVAILABLE","NOT_AVAILABLE","Dial"  ,"NOT_AVAILABLE","2017-06-22 12:54:52","2017-06-22 12:54:52","2017-06-22 12:55:17",25  ,25  ,"NO ANSWER","DOCUMENTATION","1498136092.52" ,""
"","992-725-2449","262-599-6351","door"      ,"""Onfre MacFaul"" <992-725-2449>"     ,"NOT_AVAILABLE","NOT_AVAILABLE","Dial"  ,"NOT_AVAILABLE","2017-06-22 12:54:52","2017-06-22 12:54:52","2017-06-22 12:55:17",25  ,25  ,"NO ANSWER","DOCUMENTATION","1498136092.52" ,""
"","253-433-5862","992-725-2449","production","""Marget Biernacki"" <253-433-5862>"  ,"NOT_AVAILABLE","NOT_AVAILABLE","Dial"  ,"NOT_AVAILABLE","2017-06-22 12:55:26",""                   ,"2017-06-22 12:55:40",13  ,0   ,"NO ANSWER","DOCUMENTATION","1498136126.57" ,""
"","826-313-0409","846-758-4856","hq"        ,""""" <826-313-0409>"                  ,"NOT_AVAILABLE","NOT_AVAILABLE","Dial"  ,"NOT_AVAILABLE","2017-06-22 12:57:10",""                   ,"2017-06-22 12:57:32",22  ,0   ,"NO ANSWER","DOCUMENTATION","1498136230.60" ,""
"","826-313-0409","715-413-9112","hq"        ,""""" <826-313-0409>"                  ,"NOT_AVAILABLE","NOT_AVAILABLE","Hangup","NOT_AVAILABLE","2017-06-22 12:58:17","2017-06-22 12:58:17","2017-06-22 12:58:29",12  ,12  ,"ANSWERED" ,"DOCUMENTATION","1498136297.63" ,""
"","251-219-5099","715-413-9112","hq"        ,""""" <251-219-5099>"                  ,"NOT_AVAILABLE","NOT_AVAILABLE","Hangup","NOT_AVAILABLE","2017-06-22 13:02:52","2017-06-22 13:02:52","2017-06-22 13:02:55",3   ,3   ,"ANSWERED" ,"DOCUMENTATION","1498136572.65" ,""
"","251-219-5099","715-413-9112","hq"        ,""""" <251-219-5099>"                  ,"NOT_AVAILABLE","NOT_AVAILABLE","Hangup","NOT_AVAILABLE","2017-06-22 13:10:56","2017-06-22 13:10:56","2017-06-22 13:11:00",3   ,3   ,"ANSWERED" ,"DOCUMENTATION","1498137056.67" ,""
"","992-725-2449","262-599-6351","door"      ,"""Onfre MacFaul"" <992-725-2449>"     ,"NOT_AVAILABLE","NOT_AVAILABLE","Dial"  ,"NOT_AVAILABLE","2017-06-22 13:25:57","2017-06-22 13:25:58","2017-06-22 13:26:06",8   ,8   ,"NO ANSWER","DOCUMENTATION","1498137957.69" ,""
"","992-725-2449","262-599-6351","door"      ,"""Onfre MacFaul"" <992-725-2449>"     ,"NOT_AVAILABLE","NOT_AVAILABLE","Dial"  ,"NOT_AVAILABLE","2017-06-22 13:25:58","2017-06-22 13:25:58","2017-06-22 13:26:14",16  ,16  ,"ANSWERED" ,"DOCUMENTATION","1498137958.69" ,""
"","253-433-5862","866-935-7752","production","""Marget Biernacki"" <253-433-5862>"  ,"NOT_AVAILABLE","NOT_AVAILABLE","Hangup","NOT_AVAILABLE","2017-06-22 13:40:17","2017-06-22 13:40:17","2017-06-22 13:40:17",0   ,0   ,"ANSWERED" ,"DOCUMENTATION","1498138817.74" ,""
"","785-220-1129","846-758-4856","hq"        ,""""" <785-220-1129>"                  ,"NOT_AVAILABLE","NOT_AVAILABLE","Dial"  ,"NOT_AVAILABLE","2017-06-22 13:51:31","2017-06-22 13:51:47","2017-06-22 13:52:39",68  ,52  ,"ANSWERED" ,"DOCUMENTATION","1498139491.76" ,""
"","253-433-5862","859-403-3109","production","""Marget Biernacki"" <253-433-5862>"  ,"NOT_AVAILABLE","NOT_AVAILABLE","Hangup","NOT_AVAILABLE","2017-06-22 14:52:55","2017-06-22 14:52:55","2017-06-22 14:52:56",0   ,0   ,"ANSWERED" ,"DOCUMENTATION","1498143175.79" ,""
"","672-769-5651","606-166-6300","support"   ,"""Sherilyn Aughton"" <672-769-5651>"  ,"NOT_AVAILABLE","NOT_AVAILABLE","Dial"  ,"NOT_AVAILABLE","2017-06-22 15:23:01","2017-06-22 15:23:15","2017-06-22 15:24:42",101 ,87  ,"ANSWERED" ,"DOCUMENTATION","1498144981.81" ,""
"","475-619-9098","715-413-9112","hq"        ,""""" <475-619-9098>"                  ,"NOT_AVAILABLE","NOT_AVAILABLE","Dial"  ,"NOT_AVAILABLE","2017-06-22 15:53:45",""                   ,"2017-06-22 15:54:02",16  ,0   ,"NO ANSWER","DOCUMENTATION","1498146825.84" ,""
"","475-619-9098","715-413-9112","hq"        ,""""" <475-619-9098>"                  ,"NOT_AVAILABLE","NOT_AVAILABLE","Dial"  ,"NOT_AVAILABLE","2017-06-22 15:53:45","2017-06-22 15:54:02","2017-06-22 15:54:58",72  ,56  ,"ANSWERED" ,"DOCUMENTATION","1498146825.84" ,""
"","672-769-5651","190-590-0260","support"   ,"""Sherilyn Aughton"" <672-769-5651>"  ,"NOT_AVAILABLE","NOT_AVAILABLE","Dial"  ,"NOT_AVAILABLE","2017-06-22 15:57:24",""                   ,"2017-06-22 15:58:02",37  ,0   ,"NO ANSWER","DOCUMENTATION","1498147044.89" ,""
"","253-433-5862","826-313-0409","production","""Marget Biernacki"" <253-433-5862>"  ,"NOT_AVAILABLE","NOT_AVAILABLE","Dial"  ,"NOT_AVAILABLE","2017-06-22 16:55:26",""                   ,"2017-06-22 16:55:31",4   ,0   ,"NO ANSWER","DOCUMENTATION","1498150526.95" ,""
"","253-433-5862","397-815-2211","hq"        ,"""Marget Biernacki"" <253-433-5862>"  ,"NOT_AVAILABLE","NOT_AVAILABLE","Dial"  ,"NOT_AVAILABLE","2017-06-22 16:55:36",""                   ,"2017-06-22 16:55:48",12  ,0   ,"NO ANSWER","DOCUMENTATION","1498150536.98" ,""
"","300-677-9221","397-815-2211","hq"        ,""""" <300-677-9221>"                  ,"NOT_AVAILABLE","NOT_AVAILABLE","Dial"  ,"NOT_AVAILABLE","2017-06-22 16:55:19",""                   ,"2017-06-22 16:55:34",15  ,0   ,"NO ANSWER","DOCUMENTATION","1498150519.92" ,""
"","300-677-9221","397-815-2211","hq"        ,""""" <300-677-9221>"                  ,"NOT_AVAILABLE","NOT_AVAILABLE","Dial"  ,"NOT_AVAILABLE","2017-06-22 16:55:19","2017-06-22 16:55:34","2017-06-22 16:55:48",29  ,13  ,"ANSWERED" ,"DOCUMENTATION","1498150519.92" ,""
"","300-677-9221","917-375-0980","production",""""" <300-677-9221>"                  ,"NOT_AVAILABLE","NOT_AVAILABLE","Dial"  ,"NOT_AVAILABLE","2017-06-22 16:56:12","2017-06-22 16:56:12","2017-06-22 16:57:44",92  ,92  ,"ANSWERED" ,"DOCUMENTATION","1498150572.92" ,""
"","251-219-5099","715-413-9112","hq"        ,""""" <251-219-5099>"                  ,"NOT_AVAILABLE","NOT_AVAILABLE","Dial"  ,"NOT_AVAILABLE","2017-06-22 17:24:46",""                   ,"2017-06-22 17:24:53",6   ,0   ,"NO ANSWER","DOCUMENTATION","1498152286.105",""
"","251-219-5099","715-413-9112","hq"        ,""""" <251-219-5099>"                  ,"NOT_AVAILABLE","NOT_AVAILABLE","Dial"  ,"NOT_AVAILABLE","2017-06-22 17:24:46","2017-06-22 17:24:53","2017-06-22 17:30:37",350 ,343 ,"ANSWERED" ,"DOCUMENTATION","1498152286.105",""
"","253-433-5862","556-508-6671","production","""Marget Biernacki"" <253-433-5862>"  ,"NOT_AVAILABLE","NOT_AVAILABLE","Dial"  ,"NOT_AVAILABLE","2017-06-23 09:15:53","2017-06-23 09:16:13","2017-06-23 09:16:27",34  ,13  ,"ANSWERED" ,"DOCUMENTATION","1498209353.0"  ,""
"","253-433-5862","787-952-0687","production","""Marget Biernacki"" <253-433-5862>"  ,"NOT_AVAILABLE","NOT_AVAILABLE","Dial"  ,"NOT_AVAILABLE","2017-06-23 09:31:26","2017-06-23 09:32:09","2017-06-23 09:32:13",47  ,3   ,"ANSWERED" ,"DOCUMENTATION","1498210286.3"  ,""
"","253-433-5862","556-508-6671","production","""Marget Biernacki"" <253-433-5862>"  ,"NOT_AVAILABLE","NOT_AVAILABLE","Dial"  ,"NOT_AVAILABLE","2017-06-23 09:32:26","2017-06-23 09:32:39","2017-06-23 09:35:09",163 ,150 ,"ANSWERED" ,"DOCUMENTATION","1498210346.6"  ,""
"","253-433-5862","235-992-7436","production","""Marget Biernacki"" <253-433-5862>"  ,"NOT_AVAILABLE","NOT_AVAILABLE","Dial"  ,"NOT_AVAILABLE","2017-06-23 10:38:17","2017-06-23 10:38:26","2017-06-23 10:39:01",43  ,35  ,"ANSWERED" ,"DOCUMENTATION","1498214297.9"  ,""
"","253-433-5862","866-935-7752","production","""Marget Biernacki"" <253-433-5862>"  ,"NOT_AVAILABLE","NOT_AVAILABLE","Hangup","NOT_AVAILABLE","2017-06-23 11:20:31","2017-06-23 11:20:31","2017-06-23 11:20:31",0   ,0   ,"ANSWERED" ,"DOCUMENTATION","1498216831.12" ,""
"","253-433-5862","866-935-7752","production","""Marget Biernacki"" <253-433-5862>"  ,"NOT_AVAILABLE","NOT_AVAILABLE","Hangup","NOT_AVAILABLE","2017-06-23 11:21:22","2017-06-23 11:21:22","2017-06-23 11:21:22",0   ,0   ,"ANSWERED" ,"DOCUMENTATION","1498216882.14" ,""
"","253-433-5862","859-403-3109","production","""Marget Biernacki"" <253-433-5862>"  ,"NOT_AVAILABLE","NOT_AVAILABLE","Hangup","NOT_AVAILABLE","2017-06-23 11:21:30","2017-06-23 11:21:30","2017-06-23 11:21:30",0   ,0   ,"ANSWERED" ,"DOCUMENTATION","1498216890.16" ,""
"","716-523-6632","127-110-7139","production","""Trace Lavender"" <716-523-6632>"    ,"NOT_AVAILABLE","NOT_AVAILABLE","Dial"  ,"NOT_AVAILABLE","2017-06-23 11:30:28",""                   ,"2017-06-23 11:30:30",1   ,0   ,"NO ANSWER","DOCUMENTATION","1498217428.20" ,""
"","716-523-6632","325-447-5931","production","""Trace Lavender"" <716-523-6632>"    ,"NOT_AVAILABLE","NOT_AVAILABLE","Dial"  ,"NOT_AVAILABLE","2017-06-23 11:31:11","2017-06-23 11:31:19","2017-06-23 11:32:43",92  ,84  ,"ANSWERED" ,"DOCUMENTATION","1498217471.23" ,""
"","253-433-5862","842-627-1145","production","""Marget Biernacki"" <253-433-5862>"  ,"NOT_AVAILABLE","NOT_AVAILABLE","Dial"  ,"NOT_AVAILABLE","2017-06-23 11:23:59","2017-06-23 11:24:06","2017-06-23 12:11:26",2846,2840,"ANSWERED" ,"DOCUMENTATION","1498217039.18" ,""
"","889-969-2806","715-413-9112","hq"        ,""""" <889-969-2806>"                  ,"NOT_AVAILABLE","NOT_AVAILABLE","Dial"  ,"NOT_AVAILABLE","2017-06-23 12:41:00",""                   ,"2017-06-23 12:41:06",6   ,0   ,"NO ANSWER","DOCUMENTATION","1498221660.27" ,""
"","889-969-2806","715-413-9112","hq"        ,""""" <889-969-2806>"                  ,"NOT_AVAILABLE","NOT_AVAILABLE","Dial"  ,"NOT_AVAILABLE","2017-06-23 12:41:00","2017-06-23 12:41:06","2017-06-23 12:45:39",279 ,272 ,"ANSWERED" ,"DOCUMENTATION","1498221660.27" ,""
"","195-189-2657","397-815-2211","hq"        ,""""" <195-189-2657>"                  ,"NOT_AVAILABLE","NOT_AVAILABLE","Dial"  ,"NOT_AVAILABLE","2017-06-23 13:37:33",""                   ,"2017-06-23 13:37:39",6   ,0   ,"NO ANSWER","DOCUMENTATION","1498225053.32" ,""
"","195-189-2657","397-815-2211","hq"        ,""""" <195-189-2657>"                  ,"NOT_AVAILABLE","NOT_AVAILABLE","Dial"  ,"NOT_AVAILABLE","2017-06-23 13:37:33","2017-06-23 13:37:39","2017-06-23 13:41:15",221 ,215 ,"ANSWERED" ,"DOCUMENTATION","1498225053.32" ,""
"","190-590-0260","334-442-8436","production","""Magdalene Greenman"" <190-590-0260>","NOT_AVAILABLE","NOT_AVAILABLE","Dial"  ,"NOT_AVAILABLE","2017-06-23 14:07:17","2017-06-23 14:07:29","2017-06-23 14:38:38",1880,1869,"ANSWERED" ,"DOCUMENTATION","1498226837.37" ,""
"","228-679-2771","397-815-2211","hq"        ,""""" <228-679-2771>"                  ,"NOT_AVAILABLE","NOT_AVAILABLE","Dial"  ,"NOT_AVAILABLE","2017-06-23 14:38:05",""                   ,"2017-06-23 14:38:12",7   ,0   ,"NO ANSWER","DOCUMENTATION","1498228685.39" ,""
"","228-679-2771","397-815-2211","hq"        ,""""" <228-679-2771>"                  ,"NOT_AVAILABLE","NOT_AVAILABLE","Dial"  ,"NOT_AVAILABLE","2017-06-23 14:38:05","2017-06-23 14:38:12","2017-06-23 14:40:40",154 ,147 ,"ANSWERED" ,"DOCUMENTATION","1498228685.39" ,""
"","260-342-4531","397-815-2211","hq"        ,""""" <260-342-4531>"                  ,"NOT_AVAILABLE","NOT_AVAILABLE","Dial"  ,"NOT_AVAILABLE","2017-06-23 17:38:23",""                   ,"2017-06-23 17:38:28",5   ,0   ,"NO ANSWER","DOCUMENTATION","1498239503.45" ,""
"","260-342-4531","397-815-2211","hq"        ,""""" <260-342-4531>"                  ,"NOT_AVAILABLE","NOT_AVAILABLE","Dial"  ,"NOT_AVAILABLE","2017-06-23 17:38:23","2017-06-23 17:38:28","2017-06-23 17:41:59",215 ,210 ,"ANSWERED" ,"DOCUMENTATION","1498239503.45" ,""
"","418-342-5659","397-815-2211","hq"        ,""""" <418-342-5659>"                  ,"NOT_AVAILABLE","NOT_AVAILABLE","Dial"  ,"NOT_AVAILABLE","2017-06-23 18:30:48",""                   ,"2017-06-23 18:30:52",4   ,0   ,"NO ANSWER","DOCUMENTATION","1498242648.50" ,""
"","418-342-5659","397-815-2211","hq"        ,""""" <418-342-5659>"                  ,"NOT_AVAILABLE","NOT_AVAILABLE","Dial"  ,"NOT_AVAILABLE","2017-06-23 18:30:48","2017-06-23 18:30:52","2017-06-23 18:33:21",153 ,148 ,"ANSWERED" ,"DOCUMENTATION","1498242648.50" ,""
"","502-679-5153","715-413-9112","hq"        ,""""" <502-679-5153>"                  ,"NOT_AVAILABLE","NOT_AVAILABLE","Dial"  ,"NOT_AVAILABLE","2017-06-24 09:28:53",""                   ,"2017-06-24 09:29:30",36  ,0   ,"NO ANSWER","DOCUMENTATION","1498296533.0"  ,""
"","502-679-5153","715-413-9112","hq"        ,""""" <502-679-5153>"                  ,"NOT_AVAILABLE","NOT_AVAILABLE","Dial"  ,"NOT_AVAILABLE","2017-06-24 09:28:53",""                   ,"2017-06-24 09:29:30",36  ,0   ,"NO ANSWER","DOCUMENTATION","1498296533.0"  ,""
"","253-433-5862","502-679-5153","production","""Marget Biernacki"" <253-433-5862>"  ,"NOT_AVAILABLE","NOT_AVAILABLE","Dial"  ,"NOT_AVAILABLE","2017-06-24 09:45:38","2017-06-24 09:45:52","2017-06-24 09:51:13",335 ,321 ,"ANSWERED" ,"DOCUMENTATION","1498297538.5"  ,""
"","826-313-0409","715-413-9112","hq"        ,""""" <826-313-0409>"                  ,"NOT_AVAILABLE","NOT_AVAILABLE","Dial"  ,"NOT_AVAILABLE","2017-06-24 11:14:49",""                   ,"2017-06-24 11:14:57",8   ,0   ,"NO ANSWER","DOCUMENTATION","1498302889.8"  ,""
"","826-313-0409","715-413-9112","hq"        ,""""" <826-313-0409>"                  ,"NOT_AVAILABLE","NOT_AVAILABLE","Dial"  ,"NOT_AVAILABLE","2017-06-24 11:14:50","2017-06-24 11:14:57","2017-06-24 11:16:18",88  ,80  ,"ANSWERED" ,"DOCUMENTATION","1498302890.8"  ,""
"","803-921-5515","397-815-2211","hq"        ,""""" <803-921-5515>"                  ,"NOT_AVAILABLE","NOT_AVAILABLE","Dial"  ,"NOT_AVAILABLE","2017-06-24 14:23:59",""                   ,"2017-06-24 14:24:04",5   ,0   ,"NO ANSWER","DOCUMENTATION","1498314239.13" ,""
"","803-921-5515","397-815-2211","hq"        ,""""" <803-921-5515>"                  ,"NOT_AVAILABLE","NOT_AVAILABLE","Dial"  ,"NOT_AVAILABLE","2017-06-24 14:23:59","2017-06-24 14:24:04","2017-06-24 14:27:34",214 ,209 ,"ANSWERED" ,"DOCUMENTATION","1498314239.13" ,""
"","190-590-0260","334-442-8436","production","""Magdalene Greenman"" <190-590-0260>","NOT_AVAILABLE","NOT_AVAILABLE","Dial"  ,"NOT_AVAILABLE","2017-06-24 14:38:47","2017-06-24 14:39:01","2017-06-24 14:52:29",822 ,808 ,"ANSWERED" ,"DOCUMENTATION","1498315127.18" ,""
"","109-503-4250","397-815-2211","hq"        ,""""" <109-503-4250>"                  ,"NOT_AVAILABLE","NOT_AVAILABLE","Dial"  ,"NOT_AVAILABLE","2017-06-24 15:18:26",""                   ,"2017-06-24 15:18:41",14  ,0   ,"NO ANSWER","DOCUMENTATION","1498317506.21" ,""
"","109-503-4250","397-815-2211","hq"        ,""""" <109-503-4250>"                  ,"NOT_AVAILABLE","NOT_AVAILABLE","Dial"  ,"NOT_AVAILABLE","2017-06-24 15:18:27","2017-06-24 15:18:41","2017-06-24 15:24:07",340 ,325 ,"ANSWERED" ,"DOCUMENTATION","1498317507.21" ,""
"","785-220-1129","846-758-4856","hq"        ,""""" <785-220-1129>"                  ,"NOT_AVAILABLE","NOT_AVAILABLE","Dial"  ,"NOT_AVAILABLE","2017-06-24 16:38:09","2017-06-24 16:38:24","2017-06-24 16:38:24",14  ,0   ,"ANSWERED" ,"DOCUMENTATION","1498322289.26" ,""
"","785-220-1129","846-758-4856","hq"        ,""""" <785-220-1129>"                  ,"NOT_AVAILABLE","NOT_AVAILABLE","Dial"  ,"NOT_AVAILABLE","2017-06-24 16:38:24","2017-06-24 16:38:24","2017-06-24 16:38:53",28  ,28  ,"ANSWERED" ,"DOCUMENTATION","1498322304.26" ,""
"","190-590-0260","642-769-3957","production","""Magdalene Greenman"" <190-590-0260>","NOT_AVAILABLE","NOT_AVAILABLE","Dial"  ,"NOT_AVAILABLE","2017-06-24 16:39:38",""                   ,"2017-06-24 16:40:01",22  ,0   ,"NO ANSWER","DOCUMENTATION","1498322378.31" ,""
"","334-442-8436","108-939-4916","hq"        ,""""" <334-442-8436>"                  ,"NOT_AVAILABLE","NOT_AVAILABLE","Dial"  ,"NOT_AVAILABLE","2017-06-24 16:44:44","2017-06-24 16:44:51","2017-06-24 16:51:23",399 ,392 ,"ANSWERED" ,"DOCUMENTATION","1498322684.34" ,""
"","190-590-0260","334-442-8436","production","""Magdalene Greenman"" <190-590-0260>","NOT_AVAILABLE","NOT_AVAILABLE","Dial"  ,"NOT_AVAILABLE","2017-06-24 16:51:36",""                   ,"2017-06-24 16:51:53",16  ,0   ,"NO ANSWER","DOCUMENTATION","1498323096.37" ,""
"","190-590-0260","334-442-8436","production","""Magdalene Greenman"" <190-590-0260>","NOT_AVAILABLE","NOT_AVAILABLE","Dial"  ,"NOT_AVAILABLE","2017-06-24 16:52:07",""                   ,"2017-06-24 16:52:07",0   ,0   ,"BUSY"     ,"DOCUMENTATION","1498323127.40" ,""
"","334-442-8436","108-939-4916","hq"        ,""""" <334-442-8436>"                  ,"NOT_AVAILABLE","NOT_AVAILABLE","Wait"  ,"NOT_AVAILABLE","2017-06-24 16:52:09","2017-06-24 16:52:09","2017-06-24 16:52:13",4   ,4   ,"ANSWERED" ,"DOCUMENTATION","1498323129.42" ,""
"","190-590-0260","334-442-8436","production","""Magdalene Greenman"" <190-590-0260>","NOT_AVAILABLE","NOT_AVAILABLE","Dial"  ,"NOT_AVAILABLE","2017-06-24 16:53:11","2017-06-24 16:53:17","2017-06-24 17:01:49",518 ,511 ,"ANSWERED" ,"DOCUMENTATION","1498323191.45" ,""
"","917-375-0980","502-679-5153","production","""Leanna Cuphus"" <609-326-2780>"     ,"NOT_AVAILABLE","NOT_AVAILABLE","Dial"  ,"NOT_AVAILABLE","2017-06-27 09:27:15",""                   ,"2017-06-27 09:27:15",0   ,0   ,"NO ANSWER","DOCUMENTATION","1498555635.0"  ,""
"","917-375-0980","334-442-8436","production","""Leanna Cuphus"" <609-326-2780>"     ,"NOT_AVAILABLE","NOT_AVAILABLE","Dial"  ,"NOT_AVAILABLE","2017-06-27 10:29:03","2017-06-27 10:29:14","2017-06-27 10:35:45",402 ,390 ,"ANSWERED" ,"DOCUMENTATION","1498559343.3"  ,""
"","917-375-0980","334-442-8436","production","""Leanna Cuphus"" <609-326-2780>"     ,"NOT_AVAILABLE","NOT_AVAILABLE","Dial"  ,"NOT_AVAILABLE","2017-06-27 10:37:26",""                   ,"2017-06-27 10:37:36",9   ,0   ,"NO ANSWER","DOCUMENTATION","1498559846.6"  ,""
"","334-442-8436","397-815-2211","hq"        ,""""" <334-442-8436>"                  ,"NOT_AVAILABLE","NOT_AVAILABLE","Dial"  ,"NOT_AVAILABLE","2017-06-27 10:38:47","2017-06-27 10:38:53","2017-06-27 10:39:02",15  ,8   ,"ANSWERED" ,"DOCUMENTATION","1498559927.9"  ,""
"","334-442-8436","397-815-2211","hq"        ,""""" <334-442-8436>"                  ,"NOT_AVAILABLE","NOT_AVAILABLE","Dial"  ,"NOT_AVAILABLE","2017-06-27 10:38:47",""                   ,"2017-06-27 10:38:53",6   ,0   ,"NO ANSWER","DOCUMENTATION","1498559927.9"  ,""
"","640-254-7297","397-815-2211","hq"        ,""""" <640-254-7297>"                  ,"NOT_AVAILABLE","NOT_AVAILABLE","Dial"  ,"NOT_AVAILABLE","2017-06-27 10:43:04","2017-06-27 10:43:09","2017-06-27 10:55:18",734 ,728 ,"ANSWERED" ,"DOCUMENTATION","1498560184.17" ,""
"","334-442-8436","397-815-2211","hq"        ,""""" <334-442-8436>"                  ,"NOT_AVAILABLE","NOT_AVAILABLE","Dial"  ,"NOT_AVAILABLE","2017-06-27 10:39:19","2017-06-27 10:39:30","2017-06-27 10:57:54",1114,1104,"ANSWERED" ,"DOCUMENTATION","1498559959.14" ,""
"","334-442-8436","397-815-2211","hq"        ,""""" <334-442-8436>"                  ,"NOT_AVAILABLE","NOT_AVAILABLE","Dial"  ,"NOT_AVAILABLE","2017-06-27 10:39:19",""                   ,"2017-06-27 10:39:30",10  ,0   ,"NO ANSWER","DOCUMENTATION","1498559959.14" ,""
"","190-590-0260","334-442-8436","production","""Magdalene Greenman"" <190-590-0260>","NOT_AVAILABLE","NOT_AVAILABLE","Dial"  ,"NOT_AVAILABLE","2017-06-27 11:43:27","2017-06-27 11:43:37","2017-06-27 11:43:58",30  ,20  ,"ANSWERED" ,"DOCUMENTATION","1498563807.22" ,""
"","605-142-0198","334-442-8436","production","""Jacobo Lissandri"" <605-142-0198>"  ,"NOT_AVAILABLE","NOT_AVAILABLE","Dial"  ,"NOT_AVAILABLE","2017-06-27 11:46:43","2017-06-27 11:46:48","2017-06-27 11:59:40",777 ,772 ,"ANSWERED" ,"DOCUMENTATION","1498564003.25" ,""
"","672-769-5651","253-433-5862","support"   ,"""Sherilyn Aughton"" <672-769-5651>"  ,"NOT_AVAILABLE","NOT_AVAILABLE","Dial"  ,"NOT_AVAILABLE","2017-06-27 12:26:06","2017-06-27 12:26:10","2017-06-27 12:28:58",172 ,168 ,"ANSWERED" ,"DOCUMENTATION","1498566366.28" ,""
"","190-590-0260","367-620-8069","production","""Magdalene Greenman"" <190-590-0260>","NOT_AVAILABLE","NOT_AVAILABLE","Dial"  ,"NOT_AVAILABLE","2017-06-27 13:18:29","2017-06-27 13:18:51","2017-06-27 13:25:50",441 ,419 ,"ANSWERED" ,"DOCUMENTATION","1498569509.31" ,""
"","490-156-8031","334-442-8436","production","""Farlie Brager"" <490-156-8031>"     ,"NOT_AVAILABLE","NOT_AVAILABLE","Dial"  ,"NOT_AVAILABLE","2017-06-27 13:26:14","2017-06-27 13:26:24","2017-06-27 13:27:30",75  ,65  ,"ANSWERED" ,"DOCUMENTATION","1498569974.34" ,""
"","190-590-0260","334-442-8436","production","""Magdalene Greenman"" <190-590-0260>","NOT_AVAILABLE","NOT_AVAILABLE","Dial"  ,"NOT_AVAILABLE","2017-06-27 13:39:28","2017-06-27 13:39:38","2017-06-27 13:40:51",83  ,73  ,"ANSWERED" ,"DOCUMENTATION","1498570768.37" ,""
"","564-633-4692","397-815-2211","hq"        ,""""" <564-633-4692>"                  ,"NOT_AVAILABLE","NOT_AVAILABLE","Dial"  ,"NOT_AVAILABLE","2017-06-27 13:40:40",""                   ,"2017-06-27 13:40:48",7   ,0   ,"NO ANSWER","DOCUMENTATION","1498570840.39" ,""
"","564-633-4692","397-815-2211","hq"        ,""""" <564-633-4692>"                  ,"NOT_AVAILABLE","NOT_AVAILABLE","Dial"  ,"NOT_AVAILABLE","2017-06-27 13:40:40","2017-06-27 13:40:48","2017-06-27 13:41:29",49  ,41  ,"ANSWERED" ,"DOCUMENTATION","1498570840.39" ,""
"","256-666-8232","397-815-2211","hq"        ,""""" <256-666-8232>"                  ,"NOT_AVAILABLE","NOT_AVAILABLE","Dial"  ,"NOT_AVAILABLE","2017-06-27 13:53:00","2017-06-27 13:53:09","2017-06-27 13:55:38",157 ,149 ,"ANSWERED" ,"DOCUMENTATION","1498571580.45" ,""
"","256-666-8232","397-815-2211","hq"        ,""""" <256-666-8232>"                  ,"NOT_AVAILABLE","NOT_AVAILABLE","Dial"  ,"NOT_AVAILABLE","2017-06-27 13:53:01",""                   ,"2017-06-27 13:53:09",8   ,0   ,"NO ANSWER","DOCUMENTATION","1498571581.45" ,""
"","256-666-8232","397-815-2211","hq"        ,""""" <256-666-8232>"                  ,"NOT_AVAILABLE","NOT_AVAILABLE","Dial"  ,"NOT_AVAILABLE","2017-06-27 14:59:36",""                   ,"2017-06-27 14:59:42",5   ,0   ,"NO ANSWER","DOCUMENTATION","1498575576.50" ,""
"","256-666-8232","397-815-2211","hq"        ,""""" <256-666-8232>"                  ,"NOT_AVAILABLE","NOT_AVAILABLE","Dial"  ,"NOT_AVAILABLE","2017-06-27 14:59:36","2017-06-27 14:59:42","2017-06-27 15:01:45",128 ,122 ,"ANSWERED" ,"DOCUMENTATION","1498575576.50" ,""
"","877-911-5347","715-413-9112","hq"        ,""""" <877-911-5347>"                  ,"NOT_AVAILABLE","NOT_AVAILABLE","Dial"  ,"NOT_AVAILABLE","2017-06-27 15:08:04",""                   ,"2017-06-27 15:08:09",5   ,0   ,"NO ANSWER","DOCUMENTATION","1498576084.55" ,""
"","877-911-5347","715-413-9112","hq"        ,""""" <877-911-5347>"                  ,"NOT_AVAILABLE","NOT_AVAILABLE","Dial"  ,"NOT_AVAILABLE","2017-06-27 15:08:04","2017-06-27 15:08:09","2017-06-27 15:08:40",35  ,30  ,"ANSWERED" ,"DOCUMENTATION","1498576084.55" ,""
"","334-442-8436","397-815-2211","hq"        ,""""" <334-442-8436>"                  ,"NOT_AVAILABLE","NOT_AVAILABLE","Dial"  ,"NOT_AVAILABLE","2017-06-27 15:16:18",""                   ,"2017-06-27 15:16:24",5   ,0   ,"NO ANSWER","DOCUMENTATION","1498576578.63" ,""
"","514-826-1358","397-815-2211","hq"        ,""""" <514-826-1358>"                  ,"NOT_AVAILABLE","NOT_AVAILABLE","Dial"  ,"NOT_AVAILABLE","2017-06-27 15:15:08",""                   ,"2017-06-27 15:15:20",11  ,0   ,"NO ANSWER","DOCUMENTATION","1498576508.60" ,""
"","514-826-1358","397-815-2211","hq"        ,""""" <514-826-1358>"                  ,"NOT_AVAILABLE","NOT_AVAILABLE","Dial"  ,"NOT_AVAILABLE","2017-06-27 15:15:09","2017-06-27 15:15:20","2017-06-27 15:17:25",136 ,125 ,"ANSWERED" ,"DOCUMENTATION","1498576509.60" ,""
"","334-442-8436","397-815-2211","hq"        ,""""" <334-442-8436>"                  ,"NOT_AVAILABLE","NOT_AVAILABLE","Dial"  ,"NOT_AVAILABLE","2017-06-27 15:19:38",""                   ,"2017-06-27 15:19:48",9   ,0   ,"NO ANSWER","DOCUMENTATION","1498576778.68" ,""
"","334-442-8436","397-815-2211","hq"        ,""""" <334-442-8436>"                  ,"NOT_AVAILABLE","NOT_AVAILABLE","Dial"  ,"NOT_AVAILABLE","2017-06-27 15:19:38","2017-06-27 15:19:48","2017-06-27 15:20:54",75  ,66  ,"ANSWERED" ,"DOCUMENTATION","1498576778.68" ,""
"","917-375-0980","334-442-8436","production","""Leanna Cuphus"" <609-326-2780>"     ,"NOT_AVAILABLE","NOT_AVAILABLE","Dial"  ,"NOT_AVAILABLE","2017-06-27 15:33:16","2017-06-27 15:33:25","2017-06-27 15:37:40",264 ,255 ,"ANSWERED" ,"DOCUMENTATION","1498577596.73" ,""
"","917-375-0980","434-142-9024","production","""Leanna Cuphus"" <609-326-2780>"     ,"NOT_AVAILABLE","NOT_AVAILABLE","Answer","NOT_AVAILABLE","2017-06-27 16:02:38","2017-06-27 16:02:38","2017-06-27 16:02:38",0   ,0   ,"ANSWERED" ,"DOCUMENTATION","1498579358.76" ,""
"","917-375-0980","334-442-8436","production","""Leanna Cuphus"" <609-326-2780>"     ,"NOT_AVAILABLE","NOT_AVAILABLE","Dial"  ,"NOT_AVAILABLE","2017-06-27 16:03:18",""                   ,"2017-06-27 16:03:20",1   ,0   ,"NO ANSWER","DOCUMENTATION","1498579398.78" ,""
"","917-375-0980","418-700-7488","production","""Leanna Cuphus"" <609-326-2780>"     ,"NOT_AVAILABLE","NOT_AVAILABLE","Dial"  ,"NOT_AVAILABLE","2017-06-27 16:03:48","2017-06-27 16:03:55","2017-06-27 16:05:01",73  ,65  ,"ANSWERED" ,"DOCUMENTATION","1498579428.81" ,""
"","872-619-0407","715-413-9112","hq"        ,""""" <872-619-0407>"                  ,"NOT_AVAILABLE","NOT_AVAILABLE","Dial"  ,"NOT_AVAILABLE","2017-06-27 16:23:46",""                   ,"2017-06-27 16:24:13",26  ,0   ,"NO ANSWER","DOCUMENTATION","1498580626.84" ,""
"","872-619-0407","715-413-9112","hq"        ,""""" <872-619-0407>"                  ,"NOT_AVAILABLE","NOT_AVAILABLE","Dial"  ,"NOT_AVAILABLE","2017-06-27 16:23:47",""                   ,"2017-06-27 16:24:13",26  ,0   ,"NO ANSWER","DOCUMENTATION","1498580627.84" ,""
"","672-769-5651","146-846-6697","support"   ,"""Sherilyn Aughton"" <672-769-5651>"  ,"NOT_AVAILABLE","NOT_AVAILABLE","Dial"  ,"NOT_AVAILABLE","2017-06-27 16:30:00","2017-06-27 16:30:16","2017-06-27 16:31:09",69  ,53  ,"ANSWERED" ,"DOCUMENTATION","1498581000.93" ,""
"","712-450-5280","397-815-2211","hq"        ,""""" <712-450-5280>"                  ,"NOT_AVAILABLE","NOT_AVAILABLE","Dial"  ,"NOT_AVAILABLE","2017-06-27 16:29:28","2017-06-27 16:29:34","2017-06-27 16:31:15",107 ,101 ,"ANSWERED" ,"DOCUMENTATION","1498580968.90" ,""
"","712-450-5280","397-815-2211","hq"        ,""""" <712-450-5280>"                  ,"NOT_AVAILABLE","NOT_AVAILABLE","Dial"  ,"NOT_AVAILABLE","2017-06-27 16:29:28",""                   ,"2017-06-27 16:29:34",5   ,0   ,"NO ANSWER","DOCUMENTATION","1498580968.90" ,""
"","253-433-5862","989-326-7716","production","""Marget Biernacki"" <253-433-5862>"  ,"NOT_AVAILABLE","NOT_AVAILABLE","Dial"  ,"NOT_AVAILABLE","2017-06-27 16:46:12",""                   ,"2017-06-27 16:46:29",16  ,0   ,"BUSY"     ,"DOCUMENTATION","1498581972.99" ,""
"","253-433-5862","989-326-7716","production","""Marget Biernacki"" <253-433-5862>"  ,"NOT_AVAILABLE","NOT_AVAILABLE","Dial"  ,"NOT_AVAILABLE","2017-06-27 16:59:47","2017-06-27 16:59:50","2017-06-27 17:05:53",366 ,363 ,"ANSWERED" ,"DOCUMENTATION","1498582787.102",""
"","261-773-6574","397-815-2211","hq"        ,""""" <261-773-6574>"                  ,"NOT_AVAILABLE","NOT_AVAILABLE","Dial"  ,"NOT_AVAILABLE","2017-06-27 17:29:37",""                   ,"2017-06-27 17:30:05",27  ,0   ,"NO ANSWER","DOCUMENTATION","1498584577.105",""
"","261-773-6574","397-815-2211","hq"        ,""""" <261-773-6574>"                  ,"NOT_AVAILABLE","NOT_AVAILABLE","Dial"  ,"NOT_AVAILABLE","2017-06-27 17:29:37",""                   ,"2017-06-27 17:30:05",27  ,0   ,"NO ANSWER","DOCUMENTATION","1498584577.105",""
"","334-442-8436","108-939-4916","hq"        ,""""" <334-442-8436>"                  ,"NOT_AVAILABLE","NOT_AVAILABLE","Dial"  ,"NOT_AVAILABLE","2017-06-27 17:33:46","2017-06-27 17:33:58","2017-06-27 17:47:08",802 ,790 ,"ANSWERED" ,"DOCUMENTATION","1498584826.110",""
"","917-375-0980","360-690-5326","production","""Leanna Cuphus"" <609-326-2780>"     ,"NOT_AVAILABLE","NOT_AVAILABLE","Dial"  ,"NOT_AVAILABLE","2017-06-27 17:44:53","2017-06-27 17:44:54","2017-06-27 17:51:36",402 ,401 ,"ANSWERED" ,"DOCUMENTATION","1498585493.114",""
"","253-433-5862","261-773-6574","production","""Marget Biernacki"" <253-433-5862>"  ,"NOT_AVAILABLE","NOT_AVAILABLE","Dial"  ,"NOT_AVAILABLE","2017-06-27 17:44:31","2017-06-27 17:44:41","2017-06-27 17:58:39",847 ,837 ,"ANSWERED" ,"DOCUMENTATION","1498585471.112",""
"","672-769-5651","253-433-5862","support"   ,"""Sherilyn Aughton"" <672-769-5651>"  ,"NOT_AVAILABLE","NOT_AVAILABLE","Dial"  ,"NOT_AVAILABLE","2017-06-27 18:30:53","2017-06-27 18:30:56","2017-06-27 18:31:15",22  ,18  ,"ANSWERED" ,"DOCUMENTATION","1498588253.119",""
"","253-433-5862","951-981-7011","production","""Marget Biernacki"" <253-433-5862>"  ,"NOT_AVAILABLE","NOT_AVAILABLE","Dial"  ,"NOT_AVAILABLE","2017-06-27 19:01:33","2017-06-27 19:02:05","2017-06-27 19:06:10",277 ,245 ,"ANSWERED" ,"DOCUMENTATION","1498590093.122",""
